{
  "accuracy": 0.6361,
  "precision": 0.7141957821844508,
  "recall": 0.4538,
  "f1_score": 0.5549712608536137,
  "real_accuracy": 0.8184,
  "fake_accuracy": 0.4538,
  "auc_roc": 0.5593118400000001,
  "average_precision": 0.6425204641825236,
  "confusion_matrix": {
    "TP": 2269,
    "TN": 4092,
    "FP": 908,
    "FN": 2731
  },
  "num_samples": 10000,
  "num_real": 5000,
  "num_fake": 5000
}