{
  "accuracy": 0.654,
  "precision": 0.9794520547945206,
  "recall": 0.3146,
  "f1_score": 0.4762337269149258,
  "real_accuracy": 0.9934,
  "fake_accuracy": 0.3146,
  "auc_roc": 0.84045106,
  "average_precision": 0.868254631255147,
  "confusion_matrix": [
    [
      4967,
      33
    ],
    [
      3427,
      1573
    ]
  ],
  "num_samples": 10000,
  "num_real": 5000,
  "num_fake": 5000
}