{
  "accuracy": 0.588,
  "precision": 0.5747282608695652,
  "recall": 0.6768,
  "f1_score": 0.6216017634092579,
  "real_accuracy": 0.4992,
  "fake_accuracy": 0.6768,
  "auc_roc": 0.65007948,
  "average_precision": 0.6464175507036118,
  "confusion_matrix": [
    [
      2496,
      2504
    ],
    [
      1616,
      3384
    ]
  ],
  "num_samples": 10000,
  "num_real": 5000,
  "num_fake": 5000
}